宜昌物业管理人员,4.5-6千
店长(烘焙门店）,6-8千
高管教育中心市场管理人员岗,10-14万
养护工区管理人员,8千-1.2万
现场管理人员,6-9千
副店长（肇庆二十支）,4-4.7千
储备管理人员/管培生,5-6千
测试台管理人员,5-5.5千
生产管理人员,8千-1万
物业秩序主管,6.5-7.5千
现场管理人员,6-9千
生产管理人员,6千-1万
食堂高级管理人员,1-1.4万·14薪
医学现场调查助理（岱山）,6-7.3千
资深质量管理人员,40-60万/年
现场管理人员,6-9千
海外度假村行政、市场及管理人员,1-1.5万·13薪
顶瓜瓜店长（飞龙吾悦）,4-7千
设备管理（储备管理人员岗位）,8千-1.2万·13薪
企业管理人员,5-9千
现场管理人员,6-9千
销售副总监,6-8千
设备管理（储备管理人员岗位）,8千-1.2万·13薪
科研管理人员（项目专员）,7千-1.4万
企业管理人员,5-9千
生产总监,1-2万
现场管理人员,6-9千
英茂咖啡公司中高级管理人员,25-35万/年
资深质量管理人员,40-60万/年
生产总监,1-2万
养护工区管理人员,8千-1.2万
现场管理人员,6-9千
工程管理人员,5千-1万
物业维修管理人员,4.5-5.5千
公路养护工区管理人员,8千-1.2万
高级管理人员,3.5-5万·14薪
工程管理人员,8千-1.2万
安全生产管理人员,4-6千
后勤部内业管理人员,4.5-5.5千
生产管理人员,5千-1万
高级管理人员,3.5-5万·14薪
湖北禹龙公司—现场管理人员,10-12万/年
施工现场管理人员,5千-1万
6.后勤管理人员,6-8千
农林项目管理人员,4-6千
高级管理人员（储备）,15-20万/年
现场管理人员,7-9千
无纺布、流延膜复合生产管理人员,10-20万/年
现场管理人员,7-9千
大型仪器设备平台管理人员,1.5-3万
安全管理人员（股份公司）,1-1.6万
专职安全管理人员,7.5千-1万
计划/质量管理人员,6-9千
品质管理人员,5-6.5千
专职安全管理人员,8千-1.2万
药品生产/质量管理人员（含部门）,8千-1万
工程建设管理人员,8千-1.2万·13薪
招聘公路，铁路工程管理人员,6千-1.1万
养护工区管理人员,8千-1.2万
生产管理人员,5千-1万
生产管理人员,1-2万
设备/标准物质管理人员,4-6千
科研管理人员,7千-1万
资深技术研发管理人员,40-60万/年
法务内控管理人员,8千-1.2万·14薪
矿山工程技术与管理人员-矿山安全,1.2-1.5万
商场保安/管理人员包吃包住,5-6千
设备/标准物质管理人员,4-6千
变电站运维管理人员,8千-1.2万·13薪
储备核心管理人员,8千-1万
生产管理人员,1-2万
物业管理人员,4.5-5.5千
财务管理人员,8千-1.2万·14薪
医院管理人员,1-2万
生产管理人员,1-2万
风险管理人员,5-7千·15薪
储备管理人员,1.5-3万·13薪
安全管理人员-博泽,6千-1万
生产管理人员,6-8千
高管教育中心行政管理人员岗,10-14万
施工现场管理人员,5千-1万
工程建设管理人员,8千-1.2万·13薪
高级管理人员,6-8千
原辅料仓库管理人员,6-7千
表面处理管理人员,1-1.5万
QC仪器分析/管理人员,6千-1.2万
湖北禹龙公司—现场管理人员,10-12万/年
APP系统管理人员,6-8千
农林项目管理人员,4-6千
质量管理人员,8千-1万
院系管理人员,8千-1万
湖北楚禹公司—项目管理人员,1.5-2万
专职安全管理人员,7.5千-1万
现场管理人员,7-9千
储备管理人员,5-8千
生产管理人员,7千-1万
现场管理人员,7-9千
涂装管理人员,1.2-1.5万
半导体科研管理人员/研发工程师,8千-1.6万·13薪
精益生产管理人员,1-2万
高级管理人员,6-8千
咸宁校区实验中心网络管理人员,5-6千
养护工区管理人员,8千-1.2万
湖北楚禹公司—项目管理人员,1.5-2万
宜家现场管理人员,6-8千
QC仪器分析/管理人员,6千-1.2万
养护工区管理人员,8千-1.2万
财务管理人员,5-6千
储备管理人员,5-8千
院系管理人员,8千-1万
养护工区管理人员,8千-1.2万
铁路工务线路专业管理人员,7千-1.4万
原辅料仓库管理人员,6-7千
社会招聘-安全管理人员,6-9千
养护工区管理人员,8千-1.2万
项目管理人员,4.5-9千
半导体科研管理人员/研发工程师,8千-1.6万·13薪
管理人员,6千-1万·15薪
储备生产管理人员,5-7千·13薪
精益生产管理人员,1-2万
商业物业管理人员,5-6千
铸造管理人员,1-1.2万·14薪
生产管理人员,8千-1万
高级财务管理人员,15-30万/年
物业管理人员,3.5-4.5千
诚聘管理人员 ( 队长 ),7.5-9千
宜家现场管理人员,6-8千
质量工程师（储备管理人员）,4-6千
高级财务管理人员,15-30万/年
物业设施管理人员,6-7千
生产管理人员,6千-1万
财务管理人员,1-1.5万·14薪
安全管理人员,5-7千
资深财务管理人员,50-100万/年
生产管理人员,6千-1万
行政管理人员,5-9千
管理人员,6千-1万·15薪
食堂管理人员,7千-1万
社会招聘-安全管理人员,6-9千
管理人员,1-1.5万
商业物业管理人员,5-6千
食堂管理人员,7千-1万
分公司高级管理人员储备干部,2-2.5万
诚聘管理人员 ( 队长 ),7.5-9千
房屋管理人员,6-8千
管理人员,1-1.5万
生产管理人员,6千-1万
安全管理人员,5-7千
企业管理人员,1.2-2万
宜家现场管理人员,6-8千
装配车间组长（管理人员）,6千-1万·13薪
行政管理人员,5-9千
物业设施管理人员,6-7千
工程管理人员,8千-1万
综合部管理人员,6-8千
医疗器械质量管理人员,5-7千
地铁管理人员,7-9千
实验室管理人员,1-1.3万·13薪
地铁管理人员,7千-1万
技术工艺工程师/管理人员,1.3-2.5万·13薪
现场管理人员,6-9千
质检管理人员,7千-1万
地铁管理人员,7-9千
污水池管理人员,4.5-6.5千
项目管理人员,7-9千
高级财务管理人员,15-30万/年
生产管理人员,5.5-7千
财务管理人员,1-1.5万·14薪
院校教务管理人员,5-8千
高级财务管理人员,15-30万/年
运营管理人员,5-9千
现场管理人员,6-9千
污水站运行管理人员,5-6千
信息中心管理人员,6-8千
财务管理人员,8-8.5千
资深财务管理人员,50-100万/年
湖北楚禹公司—行政管理人员,6千-1万
陈皮仓库管理人员,5-7千
4、管理人员 2名,5-7千
养护工区管理人员,8千-1.2万
资深设备管理人员,40-60万/年
项目型销售管理人员,7千-1.4万·13薪
项目管理人员（储备）,4-5千
养护工区管理人员,8千-1.2万
供应商管理人员,18-30万/年
教务管理人员,5-8千
安环专员（有安环管理人员证）,4.5-7千
规划建设部专员（工程管理人员方向）,7-9万/年
APP系统管理人员,6-8千
养护工区管理人员,8千-1.2万
安全管理人员,4.5-6千·13薪
中药材种植基地现场管理人员,5-8千
生产技术及管理人员,8千-1.5万
品质储干（品质管理人员方向）,6-8千
综合安质队安全管理人员（ts）,12-16万/年
现场施工管理人员,1-1.1万
生产管理人员,5-8千
车间储备管理人员,5.5-8千
殡葬服务管理人员,5-7千
院校教务管理人员,7千-1.2万
外派财务管理人员,9-10万/年
医药技术研发管理人员,1.5-2.5万
工程技术管理人员,12-15万/年
财务管理人员,8千-1.2万
钢结构生产管理人员,12-15万/年
物业设施管理人员,1.5-2.5万
催化剂生产管理人员,6千-1万
生产管理人员,8千-1.5万
安全管理人员,8千-1万
污水池管理人员,4.5-6.5千
工程管理人员,8千-1万
项目管理人员,7-9千
农庄运营规划管理人员,5-8千·13薪
11.管理人员,4-6千
污水站运行管理人员,5-6千
认证管理人员,4-5千
保安主管（管理人员-盐城）,8千-1万
项目管理人员（储备）,4-5千
酒店管理人员,7.5-9.5千
安保管理人员,5-6千
保安主管（管理人员-盐城）,8千-1万
（臣捷公司）水利工程管理人员,8-15万/年
生产线管理人员,4-5千
农场管理人员,4-7千·13薪
酒店管理人员,7.5-9.5千
安保管理人员,5-6千
地铁管理人员,7-9千
生产管理人员,3.5-6千
酒店管理人员,7.5-9.5千
院校教务管理人员,3.5-5千
新能源品牌中高层管理人员,1-2万
车辆管理人员,4-5千
酒店管理人员,7.5-9.5千
中层管理人员,6-8千
食堂行政管理人员,3.5-4千
金属材料专业质量管理人员,4-6千
酒店管理人员,7.5-9.5千
生产管理人员（配方颗粒）,3-6千
仓库管理人员（上海五牛智慧设备制造有限公司）,6-7千·13薪
车间现场管理人员,7千-1万·14薪
运营管理人员,15-18万·13薪
车间管理人员,6-8千
酒店管理人员,7.5-9.5千
03猪场场长/高级管理人员,1.5-3万
规划建设部专员（工程管理人员方向）,7-9万/年
教务处高级管理人员（国际化方向）,20-40万/年
酒店管理人员,7.5-9.5千
化工生产管理人员/生产技术总监,8千-1.5万·13薪
金属材料专业质量管理人员,4-6千
保安队长（基层管理人员）,6-8千
酒店管理人员,7.5-9.5千
生产管理人员（配方颗粒）,3-6千
食堂管理人员,8千-1万
居家养老服务站点管理人员,4-5千
酒店管理人员,7.5-9.5千
医院管理人员,2-4万
高级教育管理人员（海外项目）,2-4万
生产车间管理人员,5-8千
酒店管理人员,7.5-9.5千
实验室管理人员,5千-1万
资深顾问-返聘保险业高级管理人员,1.5-3万
实验动物管理人员,10-20万/年
酒店管理人员,7.5-9.5千
安全管理人员,4.5-6千
高级教育管理人员（海外项目）,2-4万
高级财务管理人员,15-30万/年
储备管理人员,5-6千·13薪
停车场收费管理人员,3千及以下
工程管理人员,7-7.4千
湖北楚禹公司—财务审计管理人员,1.5-2万
飞行安全管理人员,1-1.8万
高级财务管理人员,15-30万/年
生产管理人员,1.5-1.8万
马来西亚新厂管理人员,9千-1.8万·16薪
门店营业员（储备运营管理人员方向）,6-8万/年
高级财务管理人员,15-30万/年
生产管理人员,1.5-1.8万
安全管理人员,6千-1万
医药技术研发管理人员,30-40万/年
高级财务管理人员,15-30万/年
管理人员,1.5-3万·13薪
电力管理人员,7-7.4千
认证项目管理人员,4-5千
储备管理人员,2-3万
电仪专业技术管理人员,6-8千
注塑车间-车间管理人员（镇江丹阳）,6千-1万
物业设施管理人员,6-7千·13薪
销售部管理人员,8千-1.2万
中药材基地管理人员,4-7千
物业维修管理人员,4.5-5.5千
法务管理人员,1-1.7万
草铵膦生产管理人员,1.2-2.4万
高级财务管理人员,6千-1.2万·13薪
物业管理人员（见习）,5.5-5.7千
实验室安全管理人员,1.5-3万
仓库主管、仓库管理人员,4.5-5.5千
（臣捷公司）水利工程管理人员,8-15万/年
数据管理人员,5-6.5千
药企技术管理人员,6-8千
高速公路养护项目管理人员,9千-1.3万
外发管理人员,5-7千·13薪
车间管理人员,8千-1.2万
医疗器械质量管理人员,4-6千
高速公路养护项目管理人员,9千-1.3万
项目管理人员,5千-1万
大型仪器设备平台管理人员（电镜方向）,1.5-3万
路产养护负责人/管理人员,5-8千
车间管理人员（绍兴嵊州子公司）,6-9千
污水池管理人员,4.5-6.5千
大型仪器设备平台管理人员（质谱方向）,1.5-3万
路产安全负责人/管理人员,5-8千
IT管理人员,6千-1万
养护带班人员,5-6.5千
西餐厅管理人员,5-6千
大型仪器设备平台管理人员（核磁方向）,1.5-3万
车间管理人员,8千-1.2万
质量管理人员,5-8千
酒店储备管理人员,5千-1万
员工食堂厨师（退休人员）,5.5-6千
质量管理人员,1.5-1.8万
海运集装箱管理人员,5-7千·13薪
生产管理人员,6-7千
物业客服人员,6.5-7千
质量管理人员,1.5-1.8万
项目经理（ITO驻场人员管理）,8-9千
车间管理人员,5.5-6.5千
销售人员-农产品,4.5-9千
现场管理人员,8千-1.3万
安全管理人员,6千-1万
网络管理人员,4-8千
认证机构管理人员,20-40万/年
高层管理人员,25-35万/年
射线评片人员,8千-1万
生产管理人员,8千-1万
认证机构管理人员,20-40万/年
水处理运维人员,6-9千
电梯维保人员,4.5-6千
法务管理人员,1-1.7万
轮机管道质检人员,8千-1.5万
护理工作人员转行,6千-1万
运维人员（烟气监控设备）,6千-1万
高铁巡查人员/包食宿/五险一金,5-8千·13薪
认证机构管理人员,20-40万/年
动车工作人员/五险一金/包吃住,6-8千
高铁工作人员员五险一金/包吃住,5.5-8.5千·13薪
铁路跟车人员+五险一金/上几休几,5-8千·13薪
高层管理人员,25-35万/年
园区医务人员,4.5-6千
认证机构管理人员,20-40万/年
铁路站内工作人员/五险一金,6-9千·13薪
高铁工作人员/五险一金/管吃住,6-8千
山航销售人员,4-8千
高铁工作人员员五险一金/包吃住,5.5-8.5千·13薪
高铁站内人员+五险/包食宿,5-8千·13薪
高速公路养护项目管理人员,9千-1.3万
高铁工作人员/五险一金/包吃住,6-8千
IDC运维人员,8千-1万
铁路跟车人员+五险一金/上几休几,6千-1万·13薪
水处理运维人员,6-9千
高铁工作人员/五险一金/包吃住,6-8千
销售人员/销售管理人员,5千-1万
高铁乘务人员+五险一金/包食宿,5-8千·13薪
高速公路机电负责人/管理人员,5-8千
高铁工作人员/五险一金/包吃住,6-8千
销售人员/销售管理人员,5千-1万
高铁乘务人员+五险一金/包食宿,6千-1万·13薪
化工生产管理人员,20-30万/年
高铁工作人员/五险一金/管吃住,6-8千
销售人员/销售管理人员,5千-1万
高铁乘务人员+五险一金/包食宿,6千-1万·13薪
射线评片人员,8千-1万
高铁工作人员/五险一金/管吃住,6-8千
销售人员/销售管理人员,5千-1万
高铁站内人员+五险/包食宿,6-9千·13薪
健康行业推广人员,8千-1.6万
高铁工作人员/五险一金/包吃住,6-8千
销售人员/销售管理人员,5千-1万
高铁站内人员+包食宿/五险,6千-1万·13薪
轮机管道质检人员,8千-1.5万
高铁工作人员/五险一金/管吃住,6-8千
民航 NDT无损检测人员,1.2-2万
高铁工作人员/五险一金/管吃住,6-8千
高铁乘务人员+五险一金/包食宿,6千-1万·13薪
销售人员/销售管理人员,5千-1万
列车服务人员/五险一金/上几休几,6-8千
高铁工作人员/五险一金/包吃住,6-8千
铁路跟车人员+五险一金/上几休几,5-8千·13薪
销售人员/销售管理人员,5千-1万
金融综合工作人员（机关编外）,8千-1万
高铁工作人员/五险一金/管吃住,6-8千
高铁站内人员+五险/包食宿,6-9千·13薪
专题技术人员,8千-1.6万
安全检查（安全隐患排查）服务人员,5-6千
高铁工作人员/五险一金/包吃住,6-8千
高铁站内人员+包食宿/五险,6千-1万·13薪
医美中心护士及宣教人员组长,1.2-1.8万
储备人员,4-8千
高铁工作人员/五险一金/包吃住,6-8千
高铁站内人员+五险/包食宿,5-8千·13薪
招商电话拜访人员,4-5千
医美中心护士及宣教人员组长,1.2-1.8万
专题技术人员,8千-1.6万
储备人员,4-8千
高铁工作人员/五险一金/包吃住,6-8千
列车服务人员/五险一金/上几休几,6-8千
安保人员,4-5千
储备人员,4-8千
高铁工作人员/五险一金/包吃住,6-8千
列车服务人员/五险一金/上几休几,6-8千
招商电话拜访人员,4-5千
安保人员,3千及以下
高铁工作人员/五险一金/包吃住,6-8千
会务接待人员,5-6千
物流仓库人员,4-6千
招聘专案人员,6千-1万
高铁工作人员/五险一金/包吃住,6-8千
视频剪辑人员,5-7千·13薪
高铁工作人员/五险一金/包吃住,6-8千
铁路随车人员+上几休几,6千-1万·13薪
高铁工作人员/五险一金/包吃住,6-8千
生产领班（现场人员管理）,6千-1万·13薪
退伍军人（生产管理方向）(J10045),5-8千
高铁乘务人员+五险一金/包食宿,5-8千·13薪
高铁工作人员/五险一金/包吃住,6-8千
酒吧工作人员会调酒师，咖啡,4-8千
现场管理员,7-9千
铁路跟车人员+五险一金/上几休几,5-8千·13薪
高铁工作人员/五险一金/包吃住,6-8千
赛格物业招管理员,6-8千
营销人员,6-8千
铁路随车人员+上几休几,5-9千·13薪
高铁工作人员/五险一金/包吃住,6-8千
安保人员,3千及以下
后勤保障岗（征兵入伍）,1.2-1.2万
高铁跟车人员+包食宿/五险一金,6-9千·13薪
高铁工作人员/五险一金/包吃住,6-8千
公路养护带班人员,5-6千
通信监理人员,4-6千
高铁跟车人员+包食宿/五险一金,6-9千·13薪
高铁工作人员/五险一金/包吃住,6-8千
列车服务人员/五险一金/上几休几,6-8千
高铁工作人员/五险一金/包吃住,6-8千
寻 工程类中/高级职称 技术人员,4.5-8.5千
现场监理人员,2.5-5千
物业工程人员,4-5千
高铁工作人员/五险一金/包吃住,6-8千
养护安全巡查员,5-7千
列车服务人员/五险一金/上几休几,6-8千
销售人员,5千-1万
高铁工作人员/五险一金/包吃住,6-8千
质量保证人员（QA）,4-8千
地铁安检人员/五险一金/上几休几,6-8千
工程巡查员,8千-1.2万·13薪
高铁工作人员/五险一金/包吃住,6-8千
储备人员,5-8千
列车服务人员/五险一金/上几休几,6-8千
工程巡查员,8千-1.2万·13薪
高铁工作人员/五险一金/包吃住,6-8千
物流操作人员（阿拉山口，霍尔果斯）,4.5-6.5千
列车服务人员/五险一金/上几休几,6-8千
医疗器械维修人员,8千-1万·13薪
高铁工作人员/五险一金/包吃住,6-8千
财务管理部工作人员,8.5-11万/年
列车服务人员/五险一金/上几休几,6-8千
储备人员,4-8千
动车工作人员/五险一金/包吃住,6-8千
工程人员（水电维修）,3-4千
列车服务人员/五险一金/上几休几,6-8千
酒店工程人员,4-5千
高铁工作人员/五险一金/管吃住,6-8千
地铁设备运维人员,5-9千
列车服务人员/五险一金/上几休几,6-8千
保洁人员,4-5千
高铁工作人员/五险一金/管吃住,6-8千
制剂研发人员,4-7千
列车服务人员/五险一金/上几休几,6-8千
生产操作人员,6.5-8.5千·13薪
高铁工作人员/五险一金/包吃住,6-8千
铁路安检服务人员/包食宿,6-8千
列车服务人员/五险一金/上几休几,6-8千
机电安装施工人员,5-7千
高铁工作人员/五险一金/管吃住,6-8千
实验室技术人员,5千-1万
列车服务人员/五险一金/上几休几,6-8千
人员管理岗 (MJ002208),5-8千
高铁工作人员/五险一金/包吃住,6-8千
列车工作人员,6-8千
列车服务人员/五险一金/上几休几,6-8千
场地管理员（退休人员）,3.8-4千
高铁工作人员/五险一金/管吃住,6-8千
工程巡查员,6-9千·13薪
列车服务人员/五险一金/上几休几,6-8千
项目主管（佛山建绿环境卫生管理有限公司）,7.5-8.5千
高铁工作人员/五险一金/管吃住,6-8千
工程巡查员,6-9千·13薪
列车服务人员/五险一金/上几休几,6-8千
招聘信息技术人员,5-5.5千
高铁工作人员/五险一金/包吃住,6-8千
工程巡查员,6-9千·13薪
仓储部储备人员,8千-1.2万
仓储管理员（储备人员）,5-7千
高铁工作人员/五险一金/包吃住,6-8千
高速服务区加油站站长,7-9千
热管理技术人员,1-1.8万·14薪
养护带班人员,5-6.5千
高铁工作人员/五险一金/包吃住,6-8千
仓库人员,4-6千
万能工/物业工程人员,6-7千
养护带班人员,5-6.5千
高铁工作人员/五险一金/包吃住,6-8千
国际项目管理（留学归国人员）,1-1.8万
保安人员（五险一金，包住宿）,4.5-5.1千
养护带班人员,5-6.5千
高铁工作人员/五险一金/管吃住,6-8千
快配仓人员,5-7千
列车工作人员/五险一金/上几休几,6-8千
养护带班人员,5-6.5千
高铁工作人员/五险一金/包吃住,6-8千
快配仓人员,5-7千
保洁人员,3-4千
养护带班人员,5-6.5千
高铁工作人员/五险一金/包吃住,6-8千
列车服务人员/五险一金/上几休几,6-8千
大厅工作人员,4-5千
养护带班人员,5-6.5千
高铁工作人员/五险一金/包吃住,6-8千
列车服务人员/五险一金/上几休几,6-8千
仓库辅助人员（南沙东涌）,4.5-6.5千
养护带班人员,5-6.5千
高速服务区加油站站长,7-9千
地铁安检人员/五险一金/上几休几,6-8千
招标代理部经理、招标代理专职人员,5千-1万
养护带班人员,5-6.5千
医疗点工作人员（鸣）,4-6千
列车工作人员/五险一金/上几休几,6-8千
工程招投标人员,4-8千
养护带班人员,5-6.5千
后勤管理岗,4-5千
地铁安检人员/五险一金/上几休几,6-8千
寻 工程类中/高级职称 技术人员,4.5-8.5千
养护带班人员,5-6.5千
地铁安检人员/五险一金/上几休几,6-8千
人员管理岗（世界500强-省分公司）,8.5千-1万·14薪
绿化养护人员,3.8-4.4千
养护带班人员,5-6.5千
地铁安检人员/五险一金/上几休几,6-8千
中控值班人员,4.5-5千·13薪
钢检人员,5.5-6千·13薪
养护带班人员,5-6.5千
地铁安检人员/五险一金/上几休几,6-8千
人员管理岗(J16288),6-8千·15薪
涉外财务管理岗位人员,7千-1万·13薪
数字经济研究中心研究人员招聘启事,30-60万/年
企业策划人员（top企业外包岗）,6.5-6.9千
生产领班（现场人员管理）,6千-1万·13薪
物业维修人员,3-3.5千
涉外财务管理岗位人员,7千-1万·13薪
人员管理岗（重庆）(J10312),1-2万
金工车间人员,5千-1万
见习人员（课程顾问）,3-5千
市场营销人员,6-9千
国际高等教育中心 项目招生主管及招生工作人员,5千-1万
行政办公室外联人员,3-4千
万能工/物业工程人员,6-7千
企业策划人员（top企业外包岗）,6.5-6.9千
医疗点工作人员（珠）,4-6千
现场管理,7-8千
急招蔬菜固定专送人员月入1W可日结3,7.5千-1万
绿化养护人员,3.8-4.4千
宿管员,5-5.5千
列车服务人员/五险一金/上几休几,6-8千
产研培训教务人员,8千-1.1万
招标代理部经理、招标代理专职人员,5千-1万
现场安全员,1-1.5万·13薪
列车服务人员/五险一金/上几休几,6-8千
现场管理员-广州,5-7千·13薪
人员管理岗（重庆）(J10312),1-2万
项目执行/协调人员,8千-1.2万
列车工作人员/五险一金/上几休几,6-8千
农业科学实验人员,5-6千
大厅工作人员,4-5千
项目执行/协调人员,8千-1.2万
生产稽查专员,6-8千
养护安全巡查员,5-7千
地铁安检人员/五险一金/上几休几,6-8千
项目执行/协调人员,8千-1.2万
投标管理及方案编制人员,5-8千
现场管理,7-8千
列车工作人员/五险一金/上几休几,6-8千
项目执行/协调人员,8千-1.2万
事业中心发展,1.7-2.7万
生产领班（现场人员管理）,6千-1万·13薪
地铁安检人员/五险一金/上几休几,6-8千
涉外财务管理岗人员,7千-1万·13薪
人员管理岗（重庆）(J10312),1-2万
服务人员（含售票员、验票员）鸣,3.5-4千
列车服务人员/五险一金/上几休几,6-8千
涉外财务管理岗位人员,7千-1万·13薪
现场管理员-广州,5-7千·13薪
现场安全员,1-1.5万·13薪
储备部门/项目负责人,6-7千·13薪
建筑垃圾分类站管理,1-1.2万
涉外财务管理岗位人员,7千-1万·13薪
会展会务人员,6-7千·13薪
行政专员（安全管理方向）—久事演艺,8-10万/年
储备计划部安全监管岗,10.5-14万/年
可研项目编制人员,6-9千
现场专员,7.5-12万/年
涉外财务管理岗位人员,7千-1万·13薪
后勤安全管理,8-12万/年
加油站管理（后备）,7-9万/年
中控值班人员,4.5-5千·13薪
涉外财务管理岗位人员,7千-1万·13薪
投标管理及方案编制人员,5-8千
工程预算人员,8千-1.2万
医护人员,3-4.5千
钢检人员,5.5-6千·13薪
诚聘 销售人员,6千-1.2万
列车工作人员/五险一金/上几休几,6-8千
人员管理岗（上海）(J10308),1-2万
工程预算人员,8千-1.2万
保洁和安保人员,3.5-3.8千
财务人员,6千-1万
地铁安检人员/五险一金/上几休几,6-8千
可研项目编制人员,6-9千
湖北仙桃市县答疑人员—日语老师,5-9千
储备人员、管理培训生,4-8千
列车工作人员/五险一金/上几休几,6-8千
通信监理人员,4-6千
湖北十堰市县答疑人员—日语老师,5-8千
保洁人员（宁波东钱湖）,3.7-4.2千
会计专员（退休人员）,8千-1万
通信监理人员,4-6千
湖北荆州答疑人员—日语老师,5-8千
项目执行/协调人员,8千-1.2万
办公室行政人员(J10436),4-6千
酒店招聘前厅人员双休包吃住,3-4千
营销业务杭州本部 人员管理岗,7-10万
项目执行/协调人员,8千-1.2万
中级消防员（安保人员）,4.4-5.8千
见习人员（课程顾问）,3-5千
SNYZ-管理员（广东）,6-9千
酒店工作人员,5-8千
FMBK-一线销售人员（香氛设计师）- 广州 ID119421,8千-1.2万
通信监理人员,4-6千
SNYZ-管理员（广东）,6-9千
办公室行政人员(J10436),4-6千
物流出纳（祝桥）退休人员,5-7千·13薪
保洁人员,2.2-4千
财务人员,3.2-4.5千
实验动物饲养管理储备人员,6-8千·13薪
高端养老院急需护理人员20名（男女不限）月薪5000起步,5-8千
项目行政支持人员,8-8.5千·13薪
大厅工作人员,4-5千
业务人员,5-6千
通信监理人员,4-6千
现场监理人员,2.5-5千
1，后勤管理,6-7千
金工车间人员,5千-1万
弱电维保人员,5-8千·13薪
工程人员,4.5-5千
劳动力管理员,6-8千
大厅工作人员,3-5千
列车工作人员/五险一金/上几休几,6-8千
巡查专员,7千-1万
人员管理岗,5-8千
（低空经济）信息化运维人员,1.2-2万
物业维修人员,3-3.5千
寻 工程类中/高级职称 技术人员,4.5-8.5千
现场管理,7-9千
列车服务人员/五险一金/上几休几,6-8千
秘书人员,6-8千
寻 工程类中/高级职称 技术人员,4.5-8.5千
造价咨询人员/经理,6千-1.2万
列车服务人员/五险一金/上几休几,6-8千
招生宣传人员,6-9千
加油站经理（辽宁沈阳）,6千-1.2万
酒店招聘前厅人员双休包吃住,3-4千
列车服务人员/五险一金/上几休几,6-8千
财务人员,6千-1万
行政人员,8千-1万
退伍军人专岗-技术储干（包吃包住）,9-9.8千
列车工作人员/五险一金/上几休几,6-8千
生产管理开发人员,5-7千
财务人员,6千-1万
结构设计人员,8千-1.2万
列车服务人员/五险一金/上几休几,6-8千
安保服务部经理助理,7.3千-1万
后勤技术员,6-8千·13薪
绿化养护人员,3千及以下
列车服务人员/五险一金/上几休几,6-8千
中级消防员（安保人员）,4.4-5.8千
财务人员,7千-1万
妇幼中心办公室人员,2-4千
列车工作人员/五险一金/上几休几,6-8千
医美护理人员,6-7千·13薪
保洁人员,3-4千
保安人员,4.5-6千
列车工作人员/五险一金/上几休几,6-8千
招聘专员（管理技术人员）,6-8千
地铁安检人员215元/天,4.5-5.5千
保安人员,4.5-5.5千
列车服务人员/五险一金/上几休几,6-8千
医疗器械法规人员,1.5-3万
可行性研究编制人员,5-8千
营销业务杭州本部 人员管理岗,7-10万
列车服务人员/五险一金/上几休几,6-8千
政府行政辅助人员（呈贡区）,3千及以下
社区医疗服务人员,4-6千
法务人员,6-8千
列车服务人员/五险一金/上几休几,6-8千
荣耀项目安全助理,7-8千
雏鹰计划（管理储备）人员,4.5-9千·13薪
短视频运营制作人员,7千-1.2万
列车服务人员/五险一金/上几休几,6-8千
资深招聘专员（负责公司内部人员招聘）,7千-1万
无人机管理及应用研发人员,5-8.5千
校园安全管理（消防工作人员）,5千-1万
列车服务人员/五险一金/上几休几,6-8千
小区保安（仅退休人员）,3千及以下
检票人员,3-4千
保洁人员（科技城）,3千及以下
列车服务人员/五险一金/上几休几,6-8千
管道巡护项目助理,5-5.5千
巡查员,5.2-5.5千
国企业务主管（管环卫或市集）,6-8千
列车服务人员/五险一金/上几休几,6-8千
医院办公室工作人员,6-7千
物业维修人员,3-3.5千
动物实验室管理技术人员,8千-1.2万
列车工作人员/五险一金/上几休几,6-8千
管理员,7千-1.4万
高铁工作人员,6-8千
加油站站经理,1-1.5万
列车服务人员/五险一金/上几休几,6-8千
保洁人员,3-4.5千
案场服务人员,6-7千·13薪
湖北仙桃市县答疑人员—日语老师,5-9千
列车服务人员/五险一金/上几休几,6-8千
综合服务人员,4-5千
（日结）多个景点通用门票卡兼职销售人员,300元/天
技术工程师 技术人员,4.5-6千
地铁安检人员/五险一金/上几休几,6-8千
新营销业务部人员管理岗,1-1.2万
部门助理-9个月岗位（冰柜管理第三方人员）,4-7千
红绿灯电警维护人员（清城、佛冈）,4-6千
列车服务人员/五险一金/上几休几,6-8千
驻厂管理员6000+,5.6-7千
行销推广（终端人员管理）,1-1.5万·14薪
雏鹰计划（管理储备）人员,4.5-9千·13薪
列车工作人员/五险一金/上几休几,6-8千
兼职市场人员,2-3万
会议服务工作人员,4.5-5千·13薪
厨房工作人员,3千及以下
列车工作人员/五险一金/上几休几,6-8千
列车工作人员,6-8千
医院办公室工作人员,6-7千
工程维修人员,4-5千
列车服务人员/五险一金/上几休几,6-8千
列车工作人员,6-8千
短视频运营人员,4-8千
物业维修人员,5-5.5千
地铁安检人员/五险一金/上几休几,6-8千
安装造价人员,6-9千
道路设计人员,1-2万
物业维修人员,4-5千
列车服务人员/五险一金/上几休几,6-8千
五华妇幼中心护理人员,2-4千
项目管理储备人员,2.5-5千
保安人员,3.8-4.2千
列车工作人员/五险一金/上几休几,6-8千
加油站经理（浦东）,6千-1.2万
广东俄语答疑人员（俄语老师）,8千-1.5万
做饭人员,6-8千
列车工作人员/五险一金/上几休几,6-8千
招标辅助人员（电力）,6-9千
（日结）多个景点通用门票卡兼职销售人员,300元/天
事业中心管理岗,2.6-3.8万
列车服务人员/五险一金/上几休几,6-8千
银行专项分期人员（五华区）,2.5-5千
保安人员,2.8-3.5千
二次元自营品牌销售人员,3.5-5千
列车工作人员/五险一金/上几休几,6-8千
场务服务人员（兼职）,200元/天
曲靖市县答疑人员—日语老师,5-8千
物业保洁组人员,3-3.7千
列车工作人员/五险一金/上几休几,6-8千
计算机专业人员,6-9千
湖北咸宁市县答疑人员—日语老师,5-8千
国有银行辅助人员（瑞丽市区）,3-6千
列车工作人员/五险一金/上几休几,6-8千
工程人员,5-8千
广西崇左答疑人员——日语老师,5-8千
造价人员,3-5千
列车工作人员/五险一金/上几休几,6-8千
铁路安检服务人员/包食宿,6-8千
九江市县答疑人员—日语老师,5-8千
财务人员1名,4-5千
列车工作人员/五险一金/上几休几,6-8千
秩序维护人员招聘180元/天,4-6千
档案管理技术人员,1.6-2万
医院保卫科工作人员,6-7千
SNYZ-管理员（广东）,6-9千
线路土建设计人员,1-2万
物业维修人员,4.5-6千
绿化养护人员,7.9-8千
SNYZ-管理员（广东）,6-9千
保洁人员,4.5-4.6千
5S管理员,5-8千
物业维修人员,5-6千
SNYZ-管理员（广东）,6-9千
场务服务人员（兼职）,200元/天
部门助理-9个月岗位（冰柜管理第三方人员）,4-7千
寻 工程类中/高级职称 技术人员,4.5-8.5千
SNYZ-管理员（广东）,6-9千
列车工作人员/五险一金/上几休几,6-8千
江阴物流现场人员,4-5.5千·13薪
寻 工程类中/高级职称 技术人员,4.5-8.5千
SNYZ-管理员（广东）,6-9千
列车工作人员/五险一金/上几休几,6-8千
监控室值班人员（荔农）,5.5-6.5千
地铁安检人员/五险一金/上几休几,6-8千
红绿灯电警维护人员（清城、佛冈）,4-6千
SNYZ-管理员（广东）,6-9千
工程维修人员,4-5千
地铁安检人员/五险一金/上几休几,6-8千
后勤岗,6-8千
SNYZ-管理员（广东）,6-9千
保安人员,4-4.5千·13薪
列车服务人员/五险一金/上几休几,6-8千
消防控制室安保人员,4-5千
保安人员,4-6千
业务巡查专员（重庆）,8千-1万
列车工作人员/五险一金/上几休几,6-8千
劳务派遣主管,7-9千
现场管理班长（湖北）,5.5千-1.1万
新营销业务部人员管理岗,1-1.2万
列车工作人员/五险一金/上几休几,6-8千
事业中心管理岗,2.6-3.8万
巡查专员 稽查 督查,6千-1万
秩序维护人员招聘180元/天,4-6千
列车服务人员/五险一金/上几休几,6-8千
铁路安检服务人员/包食宿,6-8千
计算机专业人员,6-9千
部门协助,1.8-2.7万
列车服务人员/五险一金/上几休几,6-8千
铁路安检服务人员/包食宿,6-8千
保洁后勤人员,3.6-3.8千
后勤管理岗,5-6千
列车服务人员/五险一金/上几休几,6-8千
铁路安检服务人员/包食宿,6-8千
安全管理专员,8千-1万
现场管理,4.5-5.5千
列车工作人员/五险一金/上几休几,6-8千
铁路安检服务人员/包食宿,6-8千
售前技术人员,8千-1.6万
国联人寿淮安分公司个险业务部人员管理岗,5-6千
列车工作人员/五险一金/上几休几,6-8千
铁路安检服务人员/包食宿,6-8千
办公场所管理员（双休）,7-9千
办公场所管理员（双休）,7-9千
后勤管理,8千-1万
后勤专员,9千-1.8万·13薪
列车工作人员/五险一金/上几休几,6-8千
业务巡查专员（重庆）,8千-1万
地面管理员正式工就近安排,9千-1.3万·13薪
造价人员,3-5千
列车服务人员/五险一金/上几休几,6-8千
安全管理专员,8千-1万
新营销业务部人员管理岗,1-1.2万
消防控制室安保人员,4-5千
列车服务人员/五险一金/上几休几,6-8千
宝安区某学校招宿管员,5.3-5.5千
加油站经理（陕西西安）,6千-1.2万
工程人员,5-8千
列车服务人员/五险一金/上几休几,6-8千
轨道巡视值班员做二休二,8千-1.2万·16薪
国联人寿淮安分公司个险业务部人员管理岗,5-6千
红绿灯电警维护人员（清城、佛冈）,4-6千
列车服务人员/五险一金/上几休几,6-8千
湖南俄语答疑人员（俄语老师）,8千-1.5万
列车服务人员/五险一金/上几休几,6-8千
高铁工作人员,6-8千
轨道巡视值班员做二休二,8千-1.2万·16薪
甘肃俄语答疑人员（俄语老师）,1-1.5万
列车服务人员/五险一金/上几休几,6-8千
高铁工作人员,6-8千
工程人员（汉街，五险一金包吃住三餐）,3-4.5千
宝安区某学校招宿管员,5.3-5.5千
列车工作人员/五险一金/上几休几,6-8千
列车工作人员,6-8千
研发人员(162943) 日语必须,1.2-2万
龙华教育服务安全管理员,5-5.5千
列车服务人员/五险一金/上几休几,6-8千
列车工作人员,6-8千
现场管理,4-7千·13薪
俄语答疑人员（俄语老师）,8千-1.5万
列车服务人员/五险一金/上几休几,6-8千
列车工作人员,6-8千
后勤主管,8-9千·13薪
银行专项人员（大理）,2.5-4.5千
高铁工作人员,6-8千
列车服务人员/五险一金/上几休几,6-8千
导办工作人员,3-3.5千
动物实验室管理技术人员,8千-1.2万
高铁工作人员,6-8千
列车服务人员/五险一金/上几休几,6-8千
招标代理从业人员,7.2-10.8万/年
保洁人员,3.2-3.5千
后勤主管,8-9千·13薪
列车服务人员/五险一金/上几休几,6-8千
后勤,6-8千
档案管理技术人员,1.6-2万
驻厂管理/保底8K,7-8.5千·13薪
列车服务人员/五险一金/上几休几,6-8千
后勤专员,5-7千
高速服务区加油站站长,7-9千
后勤助理,5.5-8.5千
列车服务人员/五险一金/上几休几,6-8千
后勤专员,6-6.5千·13薪
宿舍管理员,6-7千
养护安全巡查员,5-7千
列车服务人员/五险一金/上几休几,6-8千
后勤岗,6-8千
管理员,1-1.1万
总务专员,6-8千·13薪
列车服务人员/五险一金/上几休几,6-8千
事业中心管理岗,2.6-3.8万
售前技术人员,8千-1.6万
资产管理辅助服务人员 （外包岗位）,6-6.5千
列车服务人员/五险一金/上几休几,6-8千
总务专员,6-9千
劳务派遣主管,7-9千
宝安区某学校招宿管员,5.3-5.5千
列车服务人员/五险一金/上几休几,6-8千
后勤专员,4-5千
越南市场开拓人员,5千-1万·13薪
宿舍管理员,5-6千
列车服务人员/五险一金/上几休几,6-8千
编内轨交督导后勤管培生年薪15W,5千-1万·13薪
总务专员,6-8千·13薪
后勤专员,6-6.5千·13薪
高铁工作人员,6-8千
列车服务人员/五险一金/上几休几,6-8千
宇通招聘综合管理岗,5-6.5千
地服巡查督导月15天年薪十万,5千-1万·13薪
高铁工作人员,6-8千
列车服务人员/五险一金/上几休几,6-8千
俄语答疑人员（俄语老师）,8千-1.5万
文职/仓管人员,5-5.5千·13薪
高铁工作人员,6-8千
列车服务人员/五险一金/上几休几,6-8千
广东俄语答疑人员（俄语老师）,8千-1.5万
二次元自营品牌销售人员,3.5-5千
高铁工作人员,6-8千
列车服务人员/五险一金/上几休几,6-8千
湖北俄语答疑人员（俄语老师）,8千-1.5万
后勤专员,7-8千
高铁工作人员,6-8千
地铁安检人员/五险一金/上几休几,6-8千
导办工作人员,3-3.5千
巡视岗双休五险一金8000元/月,7.5-8千
高铁工作人员,6-8千
列车服务人员/五险一金/上几休几,6-8千
后勤专员,5.5-7.5千
江西上饶小语种俄语答疑人员,8千-1.2万
高铁工作人员,6-8千
列车服务人员/五险一金/上几休几,6-8千
保安人员,2.8-3.5千
后勤兼材料管理,5千-1万
高铁工作人员,6-8千
列车工作人员/五险一金/上几休几,6-8千
仓库管理无需经验7000,6.5-7.5千
抄表员1,4.5-6千
高铁工作人员,6-8千
列车服务人员/五险一金/上几休几,6-8千
编内轨交督导后勤管培生年薪15W,5千-1万·13薪
仓库管理月7000可预支,6.5-7.5千
高铁工作人员,6-8千
列车服务人员/五险一金/上几休几,6-8千
江西九江小语种俄语答疑人员,8千-1.2万
劳资专管员,5千-1万
高铁工作人员,6-8千
列车服务人员/五险一金/上几休几,6-8千
博士后研究人员,1.2-1.8万
湖北恩施诚聘答疑人员——俄语老师,8千-1.5万
急招双休-部门管理岗,1.5-2.6万·13薪
列车服务人员/五险一金/上几休几,6-8千
产业园招商人员,6-8千
停车场收费人员,3-4千
总务专员,6-9千
列车服务人员/五险一金/上几休几,6-8千
后勤助理,5.5-8.5千
办事员,4-5.5千
佛山顺德驻厂管理员,6-7千
列车服务人员/五险一金/上几休几,6-8千
稽查专员,6-8千
物业维修人员,3.6-4.5千
售前技术人员,8千-1.6万
列车服务人员/五险一金/上几休几,6-8千
